<?xml version="1.0" encoding="utf-8"?>
<feed xmlns="http://www.w3.org/2005/Atom">
  <title>星辰大海</title>
  
  
  <link href="/atom.xml" rel="self"/>
  
  <link href="http://blog.xcdh.me/"/>
  <updated>2018-02-21T03:53:23.488Z</updated>
  <id>http://blog.xcdh.me/</id>
  
  <author>
    <name>星辰大海</name>
    
  </author>
  
  <generator uri="http://hexo.io/">Hexo</generator>
  
  <entry>
    <title>Markdown</title>
    <link href="http://blog.xcdh.me/2018/12/30/markdown/"/>
    <id>http://blog.xcdh.me/2018/12/30/markdown/</id>
    <published>2018-12-30T00:00:00.000Z</published>
    <updated>2018-02-21T03:53:23.488Z</updated>
    
    <content type="html"><![CDATA[<hr><p><strong>Advertisement :)</strong></p><ul><li><strong><a href="https://nodeca.github.io/pica/demo/" target="_blank" rel="noopener">pica</a></strong> - high quality and fast image<br>resize in browser.</li><li><strong><a href="https://github.com/nodeca/babelfish/" target="_blank" rel="noopener">babelfish</a></strong> - developer friendly<br>i18n with plurals support and easy syntax.</li></ul><p>You will like those projects!</p><hr><h1 id="h1-Heading-8"><a href="#h1-Heading-8" class="headerlink" title="h1 Heading 8-)"></a>h1 Heading 8-)</h1><h2 id="h2-Heading"><a href="#h2-Heading" class="headerlink" title="h2 Heading"></a>h2 Heading</h2><h3 id="h3-Heading"><a href="#h3-Heading" class="headerlink" title="h3 Heading"></a>h3 Heading</h3><h4 id="h4-Heading"><a href="#h4-Heading" class="headerlink" title="h4 Heading"></a>h4 Heading</h4><h5 id="h5-Heading"><a href="#h5-Heading" class="headerlink" title="h5 Heading"></a>h5 Heading</h5><h6 id="h6-Heading"><a href="#h6-Heading" class="headerlink" title="h6 Heading"></a>h6 Heading</h6><h2 id="Horizontal-Rules"><a href="#Horizontal-Rules" class="headerlink" title="Horizontal Rules"></a>Horizontal Rules</h2><hr><hr><hr><h2 id="Typographic-replacements"><a href="#Typographic-replacements" class="headerlink" title="Typographic replacements"></a>Typographic replacements</h2><p>Enable typographer option to see result.</p><p>(c) (C) (r) (R) (tm) (TM) (p) (P) +-</p><p>test.. test… test….. test?….. test!….</p><p>!!!!!! ???? ,,  – —</p><p>“Smartypants, double quotes” and ‘single quotes’</p><h2 id="Emphasis"><a href="#Emphasis" class="headerlink" title="Emphasis"></a>Emphasis</h2><p><strong>This is bold text</strong></p><p><strong>This is bold text</strong></p><p><em>This is italic text</em></p><p><em>This is italic text</em></p><p><del>Strikethrough</del></p><h2 id="Blockquotes"><a href="#Blockquotes" class="headerlink" title="Blockquotes"></a>Blockquotes</h2><blockquote><p>Blockquotes can also be nested…</p><blockquote><p>…by using additional greater-than signs right next to each other…</p><blockquote><p>…or with spaces between arrows.</p></blockquote></blockquote></blockquote><h2 id="Lists"><a href="#Lists" class="headerlink" title="Lists"></a>Lists</h2><p>Unordered</p><ul><li>Create a list by starting a line with <code>+</code>, <code>-</code>, or <code>*</code></li><li>Sub-lists are made by indenting 2 spaces:<ul><li>Marker character change forces new list start:<ul><li>Ac tristique libero volutpat at</li></ul><ul><li>Facilisis in pretium nisl aliquet</li></ul><ul><li>Nulla volutpat aliquam velit</li></ul></li></ul></li><li>Very easy!</li></ul><p>Ordered</p><ol><li>Lorem ipsum dolor sit amet</li><li>Consectetur adipiscing elit</li><li>Integer molestie lorem at massa</li></ol><ol><li>You can use sequential numbers…</li><li>…or keep all the numbers as <code>1.</code></li></ol><p>Start numbering with offset:</p><ol><li>foo</li><li>bar</li></ol><h2 id="Code"><a href="#Code" class="headerlink" title="Code"></a>Code</h2><p>Inline <code>code</code></p><p>Indented code</p><pre><code>// Some commentsline 1 of codeline 2 of codeline 3 of code</code></pre><p>Block code “fences”</p><figure class="highlight plain"><table><tr><td class="gutter"><pre><span class="line">1</span><br></pre></td><td class="code"><pre><span class="line">Sample text here...</span><br></pre></td></tr></table></figure><p>Syntax highlighting</p><figure class="highlight js"><table><tr><td class="gutter"><pre><span class="line">1</span><br><span class="line">2</span><br><span class="line">3</span><br><span class="line">4</span><br><span class="line">5</span><br></pre></td><td class="code"><pre><span class="line"><span class="keyword">var</span> foo = <span class="function"><span class="keyword">function</span> (<span class="params">bar</span>) </span>&#123;</span><br><span class="line">  <span class="keyword">return</span> bar++;</span><br><span class="line">&#125;;</span><br><span class="line"></span><br><span class="line"><span class="built_in">console</span>.log(foo(<span class="number">5</span>));</span><br></pre></td></tr></table></figure><h2 id="Tables"><a href="#Tables" class="headerlink" title="Tables"></a>Tables</h2><table><thead><tr><th>Option</th><th>Description</th></tr></thead><tbody><tr><td>data</td><td>path to data files to supply the data that will be passed into templates.</td></tr><tr><td>engine</td><td>engine to be used for processing templates. Handlebars is the default.</td></tr><tr><td>ext</td><td>extension to be used for dest files.</td></tr></tbody></table><p>Right aligned columns</p><table><thead><tr><th style="text-align:right">Option</th><th style="text-align:right">Description</th></tr></thead><tbody><tr><td style="text-align:right">data</td><td style="text-align:right">path to data files to supply the data that will be passed into templates.</td></tr><tr><td style="text-align:right">engine</td><td style="text-align:right">engine to be used for processing templates. Handlebars is the default.</td></tr><tr><td style="text-align:right">ext</td><td style="text-align:right">extension to be used for dest files.</td></tr></tbody></table><h2 id="Links"><a href="#Links" class="headerlink" title="Links"></a>Links</h2><p><a href="http://dev.nodeca.com" target="_blank" rel="noopener">link text</a></p><p><a href="http://nodeca.github.io/pica/demo/" title="title text!" target="_blank" rel="noopener">link with title</a></p><p>Autoconverted link <a href="https://github.com/nodeca/pica" target="_blank" rel="noopener">https://github.com/nodeca/pica</a> (enable linkify to see)</p><h2 id="Images"><a href="#Images" class="headerlink" title="Images"></a>Images</h2><p><img src="https://octodex.github.com/images/minion.png" alt="Minion"><br><img src="https://octodex.github.com/images/stormtroopocat.jpg" alt="Stormtroopocat" title="The Stormtroopocat"></p><p>Like links, Images also have a footnote style syntax</p><p><img src="https://octodex.github.com/images/dojocat.jpg" alt="Alt text" title="The Dojocat"></p><p>With a reference later in the document defining the URL location:</p><h2 id="Plugins"><a href="#Plugins" class="headerlink" title="Plugins"></a>Plugins</h2><p>The killer feature of <code>markdown-it</code> is very effective support of<br><a href="https://www.npmjs.org/browse/keyword/markdown-it-plugin" target="_blank" rel="noopener">syntax plugins</a>.</p><h3 id="Emojies"><a href="#Emojies" class="headerlink" title="Emojies"></a><a href="https://github.com/markdown-it/markdown-it-emoji" target="_blank" rel="noopener">Emojies</a></h3><blockquote><p>Classic markup: :wink: :crush: :cry: :tear: :laughing: :yum:</p><p>Shortcuts (emoticons): :-) :-( 8-) ;)</p></blockquote><p>see <a href="https://github.com/markdown-it/markdown-it-emoji#change-output" target="_blank" rel="noopener">how to change output</a> with twemoji.</p><h3 id="Subscript-Superscript"><a href="#Subscript-Superscript" class="headerlink" title="Subscript / Superscript"></a><a href="https://github.com/markdown-it/markdown-it-sub" target="_blank" rel="noopener">Subscript</a> / <a href="https://github.com/markdown-it/markdown-it-sup" target="_blank" rel="noopener">Superscript</a></h3><ul><li>19^th^</li><li>H~2~O</li></ul><h3 id=""><a href="#" class="headerlink" title="\"></a><a href="https://github.com/markdown-it/markdown-it-ins" target="_blank" rel="noopener">\<ins></ins></a></h3><p>++Inserted text++</p><h3 id="-1"><a href="#-1" class="headerlink" title="\"></a><a href="https://github.com/markdown-it/markdown-it-mark" target="_blank" rel="noopener">\<mark></mark></a></h3><p>==Marked text==</p><h3 id="Footnotes"><a href="#Footnotes" class="headerlink" title="Footnotes"></a><a href="https://github.com/markdown-it/markdown-it-footnote" target="_blank" rel="noopener">Footnotes</a></h3><p>Footnote 1 link[^first].</p><p>Footnote 2 link[^second].</p><p>Inline footnote^[Text of inline footnote] definition.</p><p>Duplicated footnote reference[^second].</p><p>[^first]: Footnote <strong>can have markup</strong></p><pre><code>and multiple paragraphs.</code></pre><p>[^second]: Footnote text.</p><h3 id="Definition-lists"><a href="#Definition-lists" class="headerlink" title="Definition lists"></a><a href="https://github.com/markdown-it/markdown-it-deflist" target="_blank" rel="noopener">Definition lists</a></h3><p>Term 1</p><p>:   Definition 1<br>with lazy continuation.</p><p>Term 2 with <em>inline markup</em></p><p>:   Definition 2</p><pre><code>    { some code, part of Definition 2 }Third paragraph of definition 2.</code></pre><p><em>Compact style:</em></p><p>Term 1<br>  ~ Definition 1</p><p>Term 2<br>  ~ Definition 2a<br>  ~ Definition 2b</p><h3 id="Abbreviations"><a href="#Abbreviations" class="headerlink" title="Abbreviations"></a><a href="https://github.com/markdown-it/markdown-it-abbr" target="_blank" rel="noopener">Abbreviations</a></h3><p>This is HTML abbreviation example.</p><p>It converts “HTML”, but keep intact partial entries like “xxxHTMLyyy” and so on.</p><p>*[HTML]: Hyper Text Markup Language</p><h3 id="Custom-containers"><a href="#Custom-containers" class="headerlink" title="Custom containers"></a><a href="https://github.com/markdown-it/markdown-it-container" target="_blank" rel="noopener">Custom containers</a></h3><p>::: warning<br><em>here be dragons</em><br>:::</p>]]></content>
    
    <summary type="html">
    
      
      
        &lt;hr&gt;
&lt;p&gt;&lt;strong&gt;Advertisement :)&lt;/strong&gt;&lt;/p&gt;
&lt;ul&gt;
&lt;li&gt;&lt;strong&gt;&lt;a href=&quot;https://nodeca.github.io/pica/demo/&quot; target=&quot;_blank&quot; rel=&quot;noopener&quot;&gt;
      
    
    </summary>
    
    
      <category term="markdown highlight" scheme="http://blog.xcdh.me/tags/markdown-highlight/"/>
    
  </entry>
  
  <entry>
    <title>Getting Started</title>
    <link href="http://blog.xcdh.me/2018/12/22/weex/"/>
    <id>http://blog.xcdh.me/2018/12/22/weex/</id>
    <published>2018-12-22T04:00:00.000Z</published>
    <updated>2018-02-20T12:10:20.337Z</updated>
    
    <content type="html"><![CDATA[<!-- toc --><h2 id="What-is-Weex"><a href="#What-is-Weex" class="headerlink" title="What is Weex?"></a>What is Weex?</h2><blockquote><p><strong>Weex is a framework for building high-performance mobile applications with modern web development experience.</strong></p></blockquote><p>Weex dedicates to enable developers to use modern web development experience to build both Android, iOS and web apps with a single codebase. In practice, you can use javascript and modern front-end frameworks to develop mobile apps after integrating the WeexSDK.</p><p>The structure of Weex is decoupled, the render engines are separated from the syntax layer. Weex doesn’t rely on any specific front-end framework, it mainly supports <a href="https://vuejs.org/" target="_blank" rel="noopener">Vue.js</a> and <a href="https://alibaba.github.io/rax/" target="_blank" rel="noopener">Rax</a>.</p><p>Another primary goal of Weex is to keep up with modern development technologies and platform capabilities both for web and native. Productivity and performance can coexist in Weex. Writing Weex pages feels the same like writing web pages. Rendering Weex pages is just the same as rendering native pages.</p><h2 id="Overview"><a href="#Overview" class="headerlink" title="Overview"></a>Overview</h2><p>If you just want to try Weex, You don’t need to install anything. There is an <a href="http://dotwe.org/vue/" target="_blank" rel="noopener">online playground</a> of Weex, you can write single page examples on it without any configurations. The source code should be written in Vue.js <a href="https://vuejs.org/v2/guide/single-file-components.html" target="_blank" rel="noopener">single file component</a> syntax (as known as the <code>*.vue</code> files), and the render result of the web platform will be displayed in a mocked phone shell.</p><p>Here is an <a href="http://dotwe.org/vue/8da01827631b21150a12dd54d7114380" target="_blank" rel="noopener">example</a> written in Weex and Vue.js:</p><p><img src="https://weex.apache.org/guide/images/weex-example-yo.png" alt="Weex Example"></p><p>This example renders a word “Yo” in the center of the screen. If you want to preview the rendered result on mobile devices, you need to install the <a href="https://weex-project.io/playground.html" target="_blank" rel="noopener">Weex playground app</a> or integrate Weex SDK into your own app. Then scan your page’s QR code with your playground app or your own app (with the QR scan feature to load scanned URL with Weex SDK), and you will see the rendered result on your device.</p><p>Within the <code>&lt;template&gt;</code> of the source code, You must be familiar with the <code>&lt;div&gt;</code> which is widely used on the web, and it’s also the generic container on Weex. But the <code>&lt;text&gt;</code> component is provided by Weex, it’s a block-level text container.</p><blockquote><p>The raw text node can only be placed in the <code>&lt;text&gt;</code> component, otherwise, it will be ignored.</p></blockquote><p>Within the <code>&lt;style&gt;</code> tag, you can write CSS to describe the styles of a component, and those styles are <a href="https://vue-loader.vuejs.org/en/features/scoped-css.html" target="_blank" rel="noopener"><strong>scoped</strong></a> forcibly in Weex.</p><h3 id="Native-Components"><a href="#Native-Components" class="headerlink" title="Native Components"></a>Native Components</h3><p>In the example above, the <code>&lt;div&gt;</code> and the <code>&lt;text&gt;</code> is rendered into corresponding native views on the mobile device, which is not <code>HTMLElement</code>.</p><p><img src="https://weex.apache.org/guide/images/native-component.png" alt="Native Components"></p><p>Weex implements render engines both on iOS and Android and provides a group of <a href="../references/components/">built-in components</a> for basic usage. Based on these components, you can compose and wrap more custom components.</p><p>Although the components in Weex look like HTML tags, you are not able to use all of them, instead, you can only use the built-in components and your custom components.</p><p>Under the scene, Weex uses the native widgets. Although Weex emphasize the consistency on each mobile platform, we still embrace the platform’s own behavior and UI differences. For example, <a href="http://dotwe.org/vue/d96943452b6708422197c47920903823" target="_blank" rel="noopener">the <code>&lt;switch&gt;</code> component</a> may look different on Android and iOS (the appearance on the web simulates iOS).</p><p><img src="https://weex.apache.org/guide/images/different-switch.png" alt="Different switch"></p><p>If you want to use more native component other than the built-in components, you need to implement them on each platform and keep their behaviors to be consistent. The most practical way is to integrate the existing native components to Weex platform.</p><h3 id="Native-Modules"><a href="#Native-Modules" class="headerlink" title="Native Modules"></a>Native Modules</h3><p>For those features which does not rely on the UI, Weex wraps them into <strong>modules</strong>. You can use <code>weex.requireModule(&#39;xxx&#39;)</code> to require them. It is a way to access native capabilities in javascript, such as network, storage, clipboard, and navigator. For example, you can <a href="http://dotwe.org/vue/2ae062b6a04124a35bbe2da3b1e5c07b" target="_blank" rel="noopener">use <code>stream</code> module to fetch the star count of Vue.js</a>.</p><p>Similarly, Weex also provides a group of <a href="../references/modules/">built-in modules</a> for basic usage, and supports the integration of the existing native modules to Weex platform.</p><p>Here are some documents about how to extend native components and native modules for Weex:</p><ul><li><a href="./extend-web-render.html">Extend Web Render</a></li><li><a href="./extend-android.html">Extend Android</a></li><li><a href="./extend-ios.html">Extend iOS</a></li></ul><h3 id="Write-Once-Run-Everywhere"><a href="#Write-Once-Run-Everywhere" class="headerlink" title="Write Once, Run Everywhere"></a>Write Once, Run Everywhere</h3><p>Yes, Weex can build for Android, iOS and Web from a single codebase.</p><p>Using the same source code across different platforms can dramatically increase development productivity and simplify the testing, building, and publishing processes. On this basis, Weex can combine the front-end’s packaging and testing process with the mobile’s publishing and monitoring system to improve development efficiency.</p><blockquote><p>You can read <em><a href="../wiki/index.html">How it works</a></em> and <em><a href="../wiki/design-principles.html">Design Principles</a></em> to know more about the technologies and ideas behind Weex.</p></blockquote><p>Although Weex uses a single codebase, you can still write platform specific codes. Weex provides <code>weex.config.env</code> and <code>WXEnvironment</code> (they are strictly equal) to get the current runtime environment. You can use <code>WXEnvironment.platform</code> to determine which platform the code is running on. Except for the <em>platform</em>, <code>WXEnvironment</code> also contains other environmental informations, such as <em>osVersion</em> and <em>deviceModel</em>, refer to <em><a href="../references/weex-variable.html">Weex variable</a></em> for the complete list.</p><h2 id="Support-Multiple-Front-End-Frameworks"><a href="#Support-Multiple-Front-End-Frameworks" class="headerlink" title="Support Multiple Front-End Frameworks"></a>Support Multiple Front-End Frameworks</h2><p>Front-end frameworks are syntax layer of weex, they are decoupled from native render engines. Weex does not bind with any specific front-end frameworks, instead, it brings native capabilities to them.</p><p>Weex supports <a href="https://vuejs.org/" target="_blank" rel="noopener">Vue.js</a> and <a href="https://alibaba.github.io/rax/" target="_blank" rel="noopener">Rax</a> as its internal front-end framework.</p><p><img src="https://weex.apache.org/guide/images/vue-rax.png" alt="Vue and Rax"></p><ul><li><strong>Vue.js</strong> is a progressive front-end framework for building user interfaces.</li><li><strong>Rax</strong> is a front-end framework with React-compatible APIs.</li></ul><blockquote><p>Vue.js and Rax are already integrated into Weex SDK, you don’t need to require them manually.</p></blockquote><p>However, Vue and Rax are not the only options, it’s possible to integrate other your favorite front-end framework into Weex. There is a document <em><a href="./advanced/extend-js-framework.html">Extend JS Framework</a></em> that describes how to implement it, but the process is still very complicated and tricky. To achieve it, you need to understand many underlying details about the js-native bridge and native render engines.</p><p>You can read <em><a href="./front-end-frameworks.html">Front-End Frameworks</a></em> to learn more details.</p><h2 id="Create-Your-Own-App"><a href="#Create-Your-Own-App" class="headerlink" title="Create Your Own App"></a>Create Your Own App</h2><blockquote><p>The following steps assume you have already known the foundational knowledge of Node.js and npm. If you are not familiar with them, you can visit <a href="https://docs.npmjs.com/" target="_blank" rel="noopener">https://docs.npmjs.com/</a> to learn more about npm.</p></blockquote><p>Weex provide a command line tool, the <a href="http://weex-project.io/tools/toolkit.html" target="_blank" rel="noopener">weex-toolkit</a>, to help developers to get start easily. It can help you to create a starter project, setup iOS and Android development environments, debug, install plugins and so on.</p><p>Currently, the <code>weex-toolkit</code> only supports the creation of Vue.js project. The <code>rax-cli</code> maybe helpful if you want to use Rax. Please visit <a href="https://alibaba.github.io/rax/" target="_blank" rel="noopener">Rax’s official website</a> for more details.</p><h3 id="Set-up"><a href="#Set-up" class="headerlink" title="Set up"></a>Set up</h3><p>Make sure you have already installed the <a href="https://nodejs.org/" target="_blank" rel="noopener">Node.js</a>, and then install the <code>weex-toolkit</code> globally.</p><figure class="highlight bash"><table><tr><td class="gutter"><pre><span class="line">1</span><br></pre></td><td class="code"><pre><span class="line">npm install weex-toolkit -g</span><br></pre></td></tr></table></figure><p>It will add the <code>weex</code> command to your global path. Then you can use <code>weex create</code> to create a starter project:</p><figure class="highlight bash"><table><tr><td class="gutter"><pre><span class="line">1</span><br></pre></td><td class="code"><pre><span class="line">weex create awesome-app</span><br></pre></td></tr></table></figure><p>After doing that, you’ll get a standard <strong>Weex + Vue.js</strong> project under the <code>awesome-app</code> folder of current path.</p><h3 id="Develop"><a href="#Develop" class="headerlink" title="Develop"></a>Develop</h3><p>The next step is to navigate into the generated directory, install dependencies, and start.</p><figure class="highlight bash"><table><tr><td class="gutter"><pre><span class="line">1</span><br><span class="line">2</span><br><span class="line">3</span><br></pre></td><td class="code"><pre><span class="line"><span class="built_in">cd</span> awesome-app</span><br><span class="line">npm install</span><br><span class="line">npm start</span><br></pre></td></tr></table></figure><p>It will start a web server on the <code>8081</code> port. You can open <code>http://localhost:8081</code> to see the render result on the web. The source code is located in <code>src/</code> folder. You can develop it as normal Vue.js project.</p><p><img src="https://weex.apache.org/guide/images/toolkit-preview.png" alt="Preview"></p><p>Besides, You can also open <code>http://localhost:8081/preview.html</code> to preview the rendered result for web in iframe. You can also scan the QR code generated on the right using the <a href="http://weex-project.io/playground.html" target="_blank" rel="noopener">Weex playground app</a> then you’ll see the rendered result on the mobile device.</p><h3 id="Build-and-Run"><a href="#Build-and-Run" class="headerlink" title="Build and Run"></a>Build and Run</h3><p>By default, the <code>weex create</code> command doesn’t create the iOS and Android project, but you can use <code>weex platform add</code> to add them.</p><figure class="highlight bash"><table><tr><td class="gutter"><pre><span class="line">1</span><br><span class="line">2</span><br></pre></td><td class="code"><pre><span class="line">weex platform add ios</span><br><span class="line">weex platform add android</span><br></pre></td></tr></table></figure><p>Depends on your network environment, it may take a while, please be patient.</p><p>In order to develop the app on your local machine, you need to set up mobile development environments. For iOS, you should install <a href="https://developer.apple.com/xcode/" target="_blank" rel="noopener">Xcode</a>. And for Android, you should install <a href="https://developer.android.com/studio/index.html" target="_blank" rel="noopener">Android Studio</a>. When the development environments are ready, run the commands below to launch your app on the simulator or the device.</p><figure class="highlight bash"><table><tr><td class="gutter"><pre><span class="line">1</span><br><span class="line">2</span><br><span class="line">3</span><br></pre></td><td class="code"><pre><span class="line">weex run ios</span><br><span class="line">weex run android</span><br><span class="line">weex run web</span><br></pre></td></tr></table></figure><h3 id="Debug"><a href="#Debug" class="headerlink" title="Debug"></a>Debug</h3><p>The <code>weex-toolkit</code> can also be used to debug your mobile apps. Just run:</p><figure class="highlight bash"><table><tr><td class="gutter"><pre><span class="line">1</span><br></pre></td><td class="code"><pre><span class="line">weex debug</span><br></pre></td></tr></table></figure><p>It’ll start debug server and open a web page in Chrome (only support V8 engine). For more technical details of <code>weex-toolkit</code>, please refer to the <a href="../tools/toolkit.html">toolkit document</a>.</p><h2 id="Next-Steps"><a href="#Next-Steps" class="headerlink" title="Next Steps"></a>Next Steps</h2><p>I believe you’ve learned the basics of Weex when you reach here. The next step is to learn more advanced features of Weex and try it right away.</p><p>If you want to use weex right now:</p><ul><li><a href="./integrate-to-your-app.html">Integrate Weex to Your Existing App</a></li><li><a href="./set-up-env.html">Set up Development Environment</a></li><li><a href="../references/">References</a></li></ul><p>If you want to know the technologies and ideas behind Weex:</p><ul><li><a href="../wiki/index.html">How it Works</a></li><li><a href="../wiki/design-principles.html">Design Principles</a></li><li><a href="../wiki/platform-difference.html">Platform Differences between Weex and Web</a></li></ul><p>After getting acquainted with Weex, if you want to contribute to make it even better:</p><ul><li><a href="../development-process.html">Development Process</a></li><li><a href="../contributing.html">How to Contribute</a></li></ul><p>In addition, Weex is a cross-stack technology, developers are also diverse, learn some fundamental knowledge of front-end development, Vue.js, iOS and Android would be especially helpful.</p>]]></content>
    
    <summary type="html">
    
      
      
        &lt;!-- toc --&gt;
&lt;h2 id=&quot;What-is-Weex&quot;&gt;&lt;a href=&quot;#What-is-Weex&quot; class=&quot;headerlink&quot; title=&quot;What is Weex?&quot;&gt;&lt;/a&gt;What is Weex?&lt;/h2&gt;&lt;blockquote&gt;
&lt;p&gt;&lt;s
      
    
    </summary>
    
    
      <category term="weex" scheme="http://blog.xcdh.me/tags/weex/"/>
    
  </entry>
  
  <entry>
    <title>赋能中后台建设 ice</title>
    <link href="http://blog.xcdh.me/2018/12/20/ice/"/>
    <id>http://blog.xcdh.me/2018/12/20/ice/</id>
    <published>2018-12-20T04:00:00.000Z</published>
    <updated>2018-02-23T11:06:03.352Z</updated>
    
    <content type="html"><![CDATA[<p align="center"><br>  <a href="https://alibaba.github.io/ice" target="_blank" rel="noopener"><br>    <img alt="ICE" src="https://gw.alicdn.com/tfs/TB1FEW2nfDH8KJjy1XcXXcpdXXa-487-132.svg" width="200"><br>  </a><br></p><br><p align="center">赋能企业中后台建设</p><br><p align="center"><br>  <a href="https://github.com/alibaba/ice/blob/master/LICENSE" target="_blank" rel="noopener"><img src="https://img.shields.io/badge/lisense-MIT-brightgreen.svg"></a><br></p><h2 id="简介"><a href="#简介" class="headerlink" title="简介"></a>简介</h2><p>基于海量高质量可复用区块，通过 GUI 工具快速搭建的一套中后台模板。</p><p><img src="https://img.alicdn.com/tfs/TB1V5iGnDnI8KJjy0FfXXcdoVXa-8057-4508.png" alt="ice-design-pro"></p><h2 id="特性"><a href="#特性" class="headerlink" title="特性"></a>特性</h2><ul><li>专业的设计支持: <a href="https://alibaba.github.io/ice/design.html" target="_blank" rel="noopener">ICE Design</a></li><li>成熟的基础组件: <a href="https://alibaba.github.io/ice/#/component/button" target="_blank" rel="noopener">ICE Component</a></li><li>丰富的业务模块: <a href="https://alibaba.github.io/ice/#/block" target="_blank" rel="noopener">ICE Block</a></li><li>完善的开发工具: <a href="https://alibaba.github.io/ice/#/iceworks" target="_blank" rel="noopener">iceworks</a></li></ul><h2 id="功能"><a href="#功能" class="headerlink" title="功能"></a>功能</h2><blockquote><p>按照 Dashboard 综合页和 Block 分类进行展示</p></blockquote><figure class="highlight plain"><table><tr><td class="gutter"><pre><span class="line">1</span><br><span class="line">2</span><br><span class="line">3</span><br><span class="line">4</span><br><span class="line">5</span><br><span class="line">6</span><br><span class="line">7</span><br><span class="line">8</span><br><span class="line">9</span><br><span class="line">10</span><br><span class="line">11</span><br><span class="line">12</span><br><span class="line">13</span><br><span class="line">14</span><br><span class="line">15</span><br><span class="line">16</span><br><span class="line">17</span><br><span class="line">18</span><br><span class="line">19</span><br><span class="line">20</span><br><span class="line">21</span><br><span class="line">22</span><br><span class="line">23</span><br></pre></td><td class="code"><pre><span class="line">- Dashboard</span><br><span class="line">- 图表页</span><br><span class="line">  - 图表列表</span><br><span class="line">- 表格页</span><br><span class="line">  - 基础表格</span><br><span class="line">  - 展示型表格</span><br><span class="line">  - 表格列表</span><br><span class="line">- 列表页</span><br><span class="line">  - 文章列表</span><br><span class="line">  - 卡片列表</span><br><span class="line">  - 图文列表</span><br><span class="line">- 内容页</span><br><span class="line">  - 基础详情页</span><br><span class="line">  - 条款协议页</span><br><span class="line">  - 进度展示页</span><br><span class="line">- 结果页</span><br><span class="line">  - 成功</span><br><span class="line">  - 失败</span><br><span class="line">- 异常</span><br><span class="line">  - 403 无权限</span><br><span class="line">  - 404 找不到</span><br><span class="line">  - 500 服务器出错</span><br><span class="line">  - 内容为空</span><br></pre></td></tr></table></figure><h2 id="目录结构"><a href="#目录结构" class="headerlink" title="目录结构"></a>目录结构</h2><figure class="highlight plain"><table><tr><td class="gutter"><pre><span class="line">1</span><br><span class="line">2</span><br><span class="line">3</span><br><span class="line">4</span><br><span class="line">5</span><br><span class="line">6</span><br><span class="line">7</span><br><span class="line">8</span><br><span class="line">9</span><br><span class="line">10</span><br><span class="line">11</span><br><span class="line">12</span><br><span class="line">13</span><br><span class="line">14</span><br><span class="line">15</span><br><span class="line">16</span><br><span class="line">17</span><br><span class="line">18</span><br><span class="line">19</span><br></pre></td><td class="code"><pre><span class="line">ice-design-pro</span><br><span class="line">├── dist        // 打包资源</span><br><span class="line">├── mock        // 模拟数据</span><br><span class="line">├── public      // 静态资源</span><br><span class="line">├── src</span><br><span class="line">│   ├── components  // 公共组件</span><br><span class="line">│   ├── layouts     // 通用布局</span><br><span class="line">│   ├── pages       // 页面</span><br><span class="line">│   ├── index.js    // 应用入口</span><br><span class="line">│   ├── navs.js     // 导航配置</span><br><span class="line">│   └── routes.jsx  // 路由配置</span><br><span class="line">├── tests           // 测试</span><br><span class="line">├── .editorconfig    // 代码风格配置</span><br><span class="line">├── .eslintignore    // eslint 忽略目录配置</span><br><span class="line">├── .eslintrc        // eslint 配置</span><br><span class="line">├── .generator.json  // 区块配置</span><br><span class="line">├── package.json     // package-lock.json</span><br><span class="line">├── package.json     // package.json</span><br><span class="line">└── README.md        // 项目说明</span><br></pre></td></tr></table></figure><h2 id="Attributes"><a href="#Attributes" class="headerlink" title="Attributes"></a>Attributes</h2><table><thead><tr><th>参数</th><th>说明</th><th>类型</th><th>可选值</th><th>默认值</th></tr></thead><tbody><tr><td>header</td><td>设置 header，也可以通过 <code>slot#header</code> 传入 DOM</td><td>string</td><td>—</td><td>—</td></tr><tr><td>body-style</td><td>设置 body 的样式</td><td>object</td><td>—</td><td>{ padding: ‘20px’ }</td></tr></tbody></table><h2 id="高亮测试"><a href="#高亮测试" class="headerlink" title="高亮测试"></a>高亮测试</h2><figure class="highlight css"><figcaption><span>CSS</span></figcaption><table><tr><td class="gutter"><pre><span class="line">1</span><br><span class="line">2</span><br><span class="line">3</span><br><span class="line">4</span><br><span class="line">5</span><br><span class="line">6</span><br><span class="line">7</span><br><span class="line">8</span><br><span class="line">9</span><br><span class="line">10</span><br><span class="line">11</span><br><span class="line">12</span><br><span class="line">13</span><br><span class="line">14</span><br><span class="line">15</span><br><span class="line">16</span><br><span class="line">17</span><br><span class="line">18</span><br><span class="line">19</span><br><span class="line">20</span><br><span class="line">21</span><br><span class="line">22</span><br><span class="line">23</span><br><span class="line">24</span><br><span class="line">25</span><br><span class="line">26</span><br><span class="line">27</span><br><span class="line">28</span><br><span class="line">29</span><br><span class="line">30</span><br></pre></td><td class="code"><pre><span class="line">// table</span><br><span class="line">&gt; <span class="selector-tag">table</span> &#123;</span><br><span class="line">    <span class="attribute">margin</span>: <span class="number">20px</span> <span class="number">0</span>;</span><br><span class="line">    <span class="attribute">width</span>: <span class="number">100%</span>;</span><br><span class="line">    <span class="attribute">max-width</span>: <span class="number">100%</span>;</span><br><span class="line">    <span class="attribute">font-size</span>: <span class="number">14px</span>;</span><br><span class="line">    <span class="attribute">border-collapse</span>: collapse;</span><br><span class="line">    <span class="attribute">border</span>: none;</span><br><span class="line">    <span class="attribute">border-spacing</span>: <span class="number">0</span>;</span><br><span class="line"></span><br><span class="line">    &gt;tbody &#123;</span><br><span class="line">        &gt; <span class="selector-tag">tr</span><span class="selector-pseudo">:nth-of-type(odd)</span> &#123;</span><br><span class="line">            <span class="attribute">background-color</span>: <span class="number">#f9f9f9</span>;</span><br><span class="line">        &#125;</span><br><span class="line">    &#125;</span><br><span class="line"></span><br><span class="line">    <span class="selector-tag">td</span>,</span><br><span class="line">    <span class="selector-tag">th</span> &#123;</span><br><span class="line">        <span class="attribute">padding</span>: <span class="number">8px</span>;</span><br><span class="line">        <span class="attribute">border</span>: <span class="number">1px</span> solid <span class="number">#ddd</span>;</span><br><span class="line">        <span class="attribute">vertical-align</span>: middle;</span><br><span class="line">        <span class="attribute">word-break</span>: break-word;</span><br><span class="line">    &#125;</span><br><span class="line"></span><br><span class="line">    <span class="selector-tag">th</span> &#123;</span><br><span class="line">        <span class="attribute">font-weight</span>: <span class="number">700</span>;</span><br><span class="line">        <span class="attribute">padding-bottom</span>: <span class="number">10px</span>;</span><br><span class="line">        <span class="attribute">border-bottom-width</span>: <span class="number">2px</span>;</span><br><span class="line">    &#125;</span><br><span class="line">&#125;</span><br></pre></td></tr></table></figure><figure class="highlight js"><figcaption><span>JavaScript</span></figcaption><table><tr><td class="gutter"><pre><span class="line">1</span><br><span class="line">2</span><br><span class="line">3</span><br><span class="line">4</span><br><span class="line">5</span><br><span class="line">6</span><br><span class="line">7</span><br><span class="line">8</span><br><span class="line">9</span><br><span class="line">10</span><br><span class="line">11</span><br><span class="line">12</span><br><span class="line">13</span><br><span class="line">14</span><br><span class="line">15</span><br><span class="line">16</span><br><span class="line">17</span><br><span class="line">18</span><br><span class="line">19</span><br><span class="line">20</span><br><span class="line">21</span><br><span class="line">22</span><br><span class="line">23</span><br><span class="line">24</span><br><span class="line">25</span><br><span class="line">26</span><br><span class="line">27</span><br><span class="line">28</span><br><span class="line">29</span><br><span class="line">30</span><br><span class="line">31</span><br><span class="line">32</span><br><span class="line">33</span><br><span class="line">34</span><br><span class="line">35</span><br><span class="line">36</span><br><span class="line">37</span><br><span class="line">38</span><br><span class="line">39</span><br></pre></td><td class="code"><pre><span class="line"><span class="comment">// test commend</span></span><br><span class="line"><span class="comment">/*</span></span><br><span class="line"><span class="comment">* test commend</span></span><br><span class="line"><span class="comment">*/</span></span><br><span class="line">utils = &#123;</span><br><span class="line">hasClass: <span class="function"><span class="keyword">function</span> (<span class="params">ele, value</span>) </span>&#123;</span><br><span class="line"><span class="keyword">let</span> curValue = ele.className;</span><br><span class="line"></span><br><span class="line"><span class="keyword">return</span> (<span class="string">' '</span> + curValue + <span class="string">' '</span>).indexOf(<span class="string">' '</span> + value + <span class="string">' '</span>) &gt; <span class="number">-1</span>;</span><br><span class="line">&#125;,</span><br><span class="line">addClass: <span class="function"><span class="keyword">function</span> (<span class="params">ele, value</span>) </span>&#123;</span><br><span class="line"><span class="keyword">let</span> curValue = ele.className;</span><br><span class="line"></span><br><span class="line"><span class="keyword">if</span> (!<span class="keyword">this</span>.hasClass(ele, value)) &#123;</span><br><span class="line">ele.className = curValue.trim() + <span class="string">' '</span> + value;</span><br><span class="line">&#125;</span><br><span class="line">&#125;,</span><br><span class="line">removeClass: <span class="function"><span class="keyword">function</span> (<span class="params">ele, value</span>) </span>&#123;</span><br><span class="line"><span class="keyword">let</span> curValue = ele.className;</span><br><span class="line"></span><br><span class="line"><span class="keyword">if</span> (<span class="keyword">this</span>.hasClass(ele, value)) &#123;</span><br><span class="line">curValue = (<span class="string">' '</span> + curValue + <span class="string">' '</span>).replace(<span class="string">' '</span> + value + <span class="string">' '</span>, <span class="string">' '</span>);</span><br><span class="line">ele.className = curValue.trim();</span><br><span class="line">&#125;</span><br><span class="line">&#125;,</span><br><span class="line">toggleClass: <span class="function"><span class="keyword">function</span> (<span class="params">ele, value, stateVal</span>) </span>&#123;</span><br><span class="line"><span class="keyword">let</span> curValue = ele.className;</span><br><span class="line"></span><br><span class="line"><span class="keyword">if</span> (<span class="keyword">typeof</span> stateVal === <span class="string">'boolean'</span>) &#123;</span><br><span class="line"><span class="keyword">return</span> stateVal ? <span class="keyword">this</span>.addClass(ele, value) : <span class="keyword">this</span>.removeClass(ele, value);</span><br><span class="line">&#125;</span><br><span class="line"></span><br><span class="line"><span class="keyword">if</span> (<span class="keyword">this</span>.hasClass(ele, value)) &#123;</span><br><span class="line"><span class="keyword">return</span> <span class="keyword">this</span>.removeClass(ele, value)</span><br><span class="line">&#125;</span><br><span class="line"></span><br><span class="line"><span class="keyword">return</span> <span class="keyword">this</span>.addClass(ele, value);</span><br><span class="line">&#125;</span><br><span class="line">&#125;;</span><br></pre></td></tr></table></figure><h2 id="使用"><a href="#使用" class="headerlink" title="使用"></a>使用</h2><ol><li><p>(推荐) GUI 工具使用: 下载 <a href="https://alibaba.github.io/ice/#/iceworks" target="_blank" rel="noopener">iceworks</a></p></li><li><p>Cli 命令使用:</p></li></ol><figure class="highlight shell"><table><tr><td class="gutter"><pre><span class="line">1</span><br><span class="line">2</span><br><span class="line">3</span><br></pre></td><td class="code"><pre><span class="line"><span class="meta">#</span> comment test</span><br><span class="line"><span class="meta">$</span> npm start      // 启动预览服务器</span><br><span class="line"><span class="meta">$</span> npm run build  // 构建 dist</span><br></pre></td></tr></table></figure>]]></content>
    
    <summary type="html">
    
      
      
        &lt;p align=&quot;center&quot;&gt;&lt;br&gt;  &lt;a href=&quot;https://alibaba.github.io/ice&quot; target=&quot;_blank&quot; rel=&quot;noopener&quot;&gt;&lt;br&gt;    &lt;img alt=&quot;ICE&quot; src=&quot;https://gw.alicdn
      
    
    </summary>
    
      <category term="test" scheme="http://blog.xcdh.me/categories/test/"/>
    
    
      <category term="ice" scheme="http://blog.xcdh.me/tags/ice/"/>
    
      <category term="alibaba" scheme="http://blog.xcdh.me/tags/alibaba/"/>
    
  </entry>
  
  <entry>
    <title>h</title>
    <link href="http://blog.xcdh.me/2018/12/08/h/"/>
    <id>http://blog.xcdh.me/2018/12/08/h/</id>
    <published>2018-12-08T05:00:00.000Z</published>
    <updated>2018-02-18T13:37:30.591Z</updated>
    
    <content type="html"><![CDATA[<h1 id="欢迎使用-Cmd-Markdown-编辑阅读器"><a href="#欢迎使用-Cmd-Markdown-编辑阅读器" class="headerlink" title="欢迎使用 Cmd Markdown 编辑阅读器"></a>欢迎使用 Cmd Markdown 编辑阅读器</h1><hr><p>我们理解您需要更便捷更高效的工具记录思想，整理笔记、知识，并将其中承载的价值传播给他人，<strong>Cmd Markdown</strong> 是我们给出的答案 —— 我们为记录思想和分享知识提供更专业的工具。 您可以使用 Cmd Markdown：</p><blockquote><ul><li>整理知识，学习笔记</li><li>发布日记，杂文，所见所想</li><li>撰写发布技术文稿（代码支持）</li><li>撰写发布学术论文（LaTeX 公式支持）</li></ul></blockquote><p><img src="https://www.zybuluo.com/static/img/logo.png" alt="cmd-markdown-logo"></p><p>除了您现在看到的这个 Cmd Markdown 在线版本，您还可以前往以下网址下载：</p><h3 id="Windows-Mac-Linux-全平台客户端"><a href="#Windows-Mac-Linux-全平台客户端" class="headerlink" title="Windows/Mac/Linux 全平台客户端"></a><a href="https://www.zybuluo.com/cmd/" target="_blank" rel="noopener">Windows/Mac/Linux 全平台客户端</a></h3><blockquote><p>请保留此份 Cmd Markdown 的欢迎稿兼使用说明，如需撰写新稿件，点击顶部工具栏右侧的 <i class="icon-file"></i> <strong>新文稿</strong> 或者使用快捷键 <code>Ctrl+Alt+N</code>。</p></blockquote>]]></content>
    
    <summary type="html">
    
      
      
        &lt;h1 id=&quot;欢迎使用-Cmd-Markdown-编辑阅读器&quot;&gt;&lt;a href=&quot;#欢迎使用-Cmd-Markdown-编辑阅读器&quot; class=&quot;headerlink&quot; title=&quot;欢迎使用 Cmd Markdown 编辑阅读器&quot;&gt;&lt;/a&gt;欢迎使用 Cmd Markdown
      
    
    </summary>
    
    
      <category term="test" scheme="http://blog.xcdh.me/tags/test/"/>
    
  </entry>
  
  <entry>
    <title>i</title>
    <link href="http://blog.xcdh.me/2018/11/09/i/"/>
    <id>http://blog.xcdh.me/2018/11/09/i/</id>
    <published>2018-11-09T06:00:00.000Z</published>
    <updated>2018-02-20T12:13:15.088Z</updated>
    
    <content type="html"><![CDATA[<h1 id="欢迎使用-Cmd-Markdown-编辑阅读器"><a href="#欢迎使用-Cmd-Markdown-编辑阅读器" class="headerlink" title="欢迎使用 Cmd Markdown 编辑阅读器"></a>欢迎使用 Cmd Markdown 编辑阅读器</h1><hr><p>我们理解您需要更便捷更高效的工具记录思想，整理笔记、知识，并将其中承载的价值传播给他人，<strong>Cmd Markdown</strong> 是我们给出的答案 —— 我们为记录思想和分享知识提供更专业的工具。 您可以使用 Cmd Markdown：</p><blockquote><ul><li>整理知识，学习笔记</li><li>发布日记，杂文，所见所想</li><li>撰写发布技术文稿（代码支持）</li><li>撰写发布学术论文（LaTeX 公式支持）</li></ul></blockquote><p><img src="https://www.zybuluo.com/static/img/logo.png" alt="cmd-markdown-logo"></p><p>除了您现在看到的这个 Cmd Markdown 在线版本，您还可以前往以下网址下载：</p><h3 id="Windows-Mac-Linux-全平台客户端"><a href="#Windows-Mac-Linux-全平台客户端" class="headerlink" title="Windows/Mac/Linux 全平台客户端"></a><a href="https://www.zybuluo.com/cmd/" target="_blank" rel="noopener">Windows/Mac/Linux 全平台客户端</a></h3><blockquote><p>请保留此份 Cmd Markdown 的欢迎稿兼使用说明，如需撰写新稿件，点击顶部工具栏右侧的 <i class="icon-file"></i> <strong>新文稿</strong> 或者使用快捷键 <code>Ctrl+Alt+N</code>。</p></blockquote>]]></content>
    
    <summary type="html">
    
      
      
        &lt;h1 id=&quot;欢迎使用-Cmd-Markdown-编辑阅读器&quot;&gt;&lt;a href=&quot;#欢迎使用-Cmd-Markdown-编辑阅读器&quot; class=&quot;headerlink&quot; title=&quot;欢迎使用 Cmd Markdown 编辑阅读器&quot;&gt;&lt;/a&gt;欢迎使用 Cmd Markdown
      
    
    </summary>
    
    
      <category term="test" scheme="http://blog.xcdh.me/tags/test/"/>
    
  </entry>
  
  <entry>
    <title>j</title>
    <link href="http://blog.xcdh.me/2018/10/10/j/"/>
    <id>http://blog.xcdh.me/2018/10/10/j/</id>
    <published>2018-10-10T07:00:00.000Z</published>
    <updated>2018-02-20T12:12:59.842Z</updated>
    
    <content type="html"><![CDATA[<h1 id="欢迎使用-Cmd-Markdown-编辑阅读器"><a href="#欢迎使用-Cmd-Markdown-编辑阅读器" class="headerlink" title="欢迎使用 Cmd Markdown 编辑阅读器"></a>欢迎使用 Cmd Markdown 编辑阅读器</h1><hr><p>我们理解您需要更便捷更高效的工具记录思想，整理笔记、知识，并将其中承载的价值传播给他人，<strong>Cmd Markdown</strong> 是我们给出的答案 —— 我们为记录思想和分享知识提供更专业的工具。 您可以使用 Cmd Markdown：</p><blockquote><ul><li>整理知识，学习笔记</li><li>发布日记，杂文，所见所想</li><li>撰写发布技术文稿（代码支持）</li><li>撰写发布学术论文（LaTeX 公式支持）</li></ul></blockquote><p><img src="https://www.zybuluo.com/static/img/logo.png" alt="cmd-markdown-logo"></p><p>除了您现在看到的这个 Cmd Markdown 在线版本，您还可以前往以下网址下载：</p><h3 id="Windows-Mac-Linux-全平台客户端"><a href="#Windows-Mac-Linux-全平台客户端" class="headerlink" title="Windows/Mac/Linux 全平台客户端"></a><a href="https://www.zybuluo.com/cmd/" target="_blank" rel="noopener">Windows/Mac/Linux 全平台客户端</a></h3><blockquote><p>请保留此份 Cmd Markdown 的欢迎稿兼使用说明，如需撰写新稿件，点击顶部工具栏右侧的 <i class="icon-file"></i> <strong>新文稿</strong> 或者使用快捷键 <code>Ctrl+Alt+N</code>。</p></blockquote>]]></content>
    
    <summary type="html">
    
      
      
        &lt;h1 id=&quot;欢迎使用-Cmd-Markdown-编辑阅读器&quot;&gt;&lt;a href=&quot;#欢迎使用-Cmd-Markdown-编辑阅读器&quot; class=&quot;headerlink&quot; title=&quot;欢迎使用 Cmd Markdown 编辑阅读器&quot;&gt;&lt;/a&gt;欢迎使用 Cmd Markdown
      
    
    </summary>
    
    
      <category term="test" scheme="http://blog.xcdh.me/tags/test/"/>
    
  </entry>
  
  <entry>
    <title>l</title>
    <link href="http://blog.xcdh.me/2018/08/12/l/"/>
    <id>http://blog.xcdh.me/2018/08/12/l/</id>
    <published>2018-08-12T09:00:00.000Z</published>
    <updated>2018-02-20T12:12:23.606Z</updated>
    
    <content type="html"><![CDATA[<h1 id="欢迎使用-Cmd-Markdown-编辑阅读器"><a href="#欢迎使用-Cmd-Markdown-编辑阅读器" class="headerlink" title="欢迎使用 Cmd Markdown 编辑阅读器"></a>欢迎使用 Cmd Markdown 编辑阅读器</h1><hr><p>我们理解您需要更便捷更高效的工具记录思想，整理笔记、知识，并将其中承载的价值传播给他人，<strong>Cmd Markdown</strong> 是我们给出的答案 —— 我们为记录思想和分享知识提供更专业的工具。 您可以使用 Cmd Markdown：</p><blockquote><ul><li>整理知识，学习笔记</li><li>发布日记，杂文，所见所想</li><li>撰写发布技术文稿（代码支持）</li><li>撰写发布学术论文（LaTeX 公式支持）</li></ul></blockquote><p><img src="https://www.zybuluo.com/static/img/logo.png" alt="cmd-markdown-logo"></p><p>除了您现在看到的这个 Cmd Markdown 在线版本，您还可以前往以下网址下载：</p><h3 id="Windows-Mac-Linux-全平台客户端"><a href="#Windows-Mac-Linux-全平台客户端" class="headerlink" title="Windows/Mac/Linux 全平台客户端"></a><a href="https://www.zybuluo.com/cmd/" target="_blank" rel="noopener">Windows/Mac/Linux 全平台客户端</a></h3><blockquote><p>请保留此份 Cmd Markdown 的欢迎稿兼使用说明，如需撰写新稿件，点击顶部工具栏右侧的 <i class="icon-file"></i> <strong>新文稿</strong> 或者使用快捷键 <code>Ctrl+Alt+N</code>。</p></blockquote>]]></content>
    
    <summary type="html">
    
      
      
        &lt;h1 id=&quot;欢迎使用-Cmd-Markdown-编辑阅读器&quot;&gt;&lt;a href=&quot;#欢迎使用-Cmd-Markdown-编辑阅读器&quot; class=&quot;headerlink&quot; title=&quot;欢迎使用 Cmd Markdown 编辑阅读器&quot;&gt;&lt;/a&gt;欢迎使用 Cmd Markdown
      
    
    </summary>
    
    
      <category term="test" scheme="http://blog.xcdh.me/tags/test/"/>
    
  </entry>
  
  <entry>
    <title>m</title>
    <link href="http://blog.xcdh.me/2018/07/13/m/"/>
    <id>http://blog.xcdh.me/2018/07/13/m/</id>
    <published>2018-07-13T10:00:00.000Z</published>
    <updated>2018-02-20T12:12:01.271Z</updated>
    
    <content type="html"><![CDATA[<h1 id="欢迎使用-Cmd-Markdown-编辑阅读器"><a href="#欢迎使用-Cmd-Markdown-编辑阅读器" class="headerlink" title="欢迎使用 Cmd Markdown 编辑阅读器"></a>欢迎使用 Cmd Markdown 编辑阅读器</h1><hr><p>我们理解您需要更便捷更高效的工具记录思想，整理笔记、知识，并将其中承载的价值传播给他人，<strong>Cmd Markdown</strong> 是我们给出的答案 —— 我们为记录思想和分享知识提供更专业的工具。 您可以使用 Cmd Markdown：</p><blockquote><ul><li>整理知识，学习笔记</li><li>发布日记，杂文，所见所想</li><li>撰写发布技术文稿（代码支持）</li><li>撰写发布学术论文（LaTeX 公式支持）</li></ul></blockquote><p><img src="https://www.zybuluo.com/static/img/logo.png" alt="cmd-markdown-logo"></p><p>除了您现在看到的这个 Cmd Markdown 在线版本，您还可以前往以下网址下载：</p><h3 id="Windows-Mac-Linux-全平台客户端"><a href="#Windows-Mac-Linux-全平台客户端" class="headerlink" title="Windows/Mac/Linux 全平台客户端"></a><a href="https://www.zybuluo.com/cmd/" target="_blank" rel="noopener">Windows/Mac/Linux 全平台客户端</a></h3><blockquote><p>请保留此份 Cmd Markdown 的欢迎稿兼使用说明，如需撰写新稿件，点击顶部工具栏右侧的 <i class="icon-file"></i> <strong>新文稿</strong> 或者使用快捷键 <code>Ctrl+Alt+N</code>。</p></blockquote>]]></content>
    
    <summary type="html">
    
      
      
        &lt;h1 id=&quot;欢迎使用-Cmd-Markdown-编辑阅读器&quot;&gt;&lt;a href=&quot;#欢迎使用-Cmd-Markdown-编辑阅读器&quot; class=&quot;headerlink&quot; title=&quot;欢迎使用 Cmd Markdown 编辑阅读器&quot;&gt;&lt;/a&gt;欢迎使用 Cmd Markdown
      
    
    </summary>
    
    
      <category term="test" scheme="http://blog.xcdh.me/tags/test/"/>
    
  </entry>
  
  <entry>
    <title>n</title>
    <link href="http://blog.xcdh.me/2018/06/14/n/"/>
    <id>http://blog.xcdh.me/2018/06/14/n/</id>
    <published>2018-06-14T11:00:00.000Z</published>
    <updated>2018-02-20T12:11:46.020Z</updated>
    
    <content type="html"><![CDATA[<h1 id="欢迎使用-Cmd-Markdown-编辑阅读器"><a href="#欢迎使用-Cmd-Markdown-编辑阅读器" class="headerlink" title="欢迎使用 Cmd Markdown 编辑阅读器"></a>欢迎使用 Cmd Markdown 编辑阅读器</h1><hr><p>我们理解您需要更便捷更高效的工具记录思想，整理笔记、知识，并将其中承载的价值传播给他人，<strong>Cmd Markdown</strong> 是我们给出的答案 —— 我们为记录思想和分享知识提供更专业的工具。 您可以使用 Cmd Markdown：</p><blockquote><ul><li>整理知识，学习笔记</li><li>发布日记，杂文，所见所想</li><li>撰写发布技术文稿（代码支持）</li><li>撰写发布学术论文（LaTeX 公式支持）</li></ul></blockquote><p><img src="https://www.zybuluo.com/static/img/logo.png" alt="cmd-markdown-logo"></p><p>除了您现在看到的这个 Cmd Markdown 在线版本，您还可以前往以下网址下载：</p><h3 id="Windows-Mac-Linux-全平台客户端"><a href="#Windows-Mac-Linux-全平台客户端" class="headerlink" title="Windows/Mac/Linux 全平台客户端"></a><a href="https://www.zybuluo.com/cmd/" target="_blank" rel="noopener">Windows/Mac/Linux 全平台客户端</a></h3><blockquote><p>请保留此份 Cmd Markdown 的欢迎稿兼使用说明，如需撰写新稿件，点击顶部工具栏右侧的 <i class="icon-file"></i> <strong>新文稿</strong> 或者使用快捷键 <code>Ctrl+Alt+N</code>。</p></blockquote>]]></content>
    
    <summary type="html">
    
      
      
        &lt;h1 id=&quot;欢迎使用-Cmd-Markdown-编辑阅读器&quot;&gt;&lt;a href=&quot;#欢迎使用-Cmd-Markdown-编辑阅读器&quot; class=&quot;headerlink&quot; title=&quot;欢迎使用 Cmd Markdown 编辑阅读器&quot;&gt;&lt;/a&gt;欢迎使用 Cmd Markdown
      
    
    </summary>
    
    
      <category term="test" scheme="http://blog.xcdh.me/tags/test/"/>
    
  </entry>
  
  <entry>
    <title>o</title>
    <link href="http://blog.xcdh.me/2018/05/15/o/"/>
    <id>http://blog.xcdh.me/2018/05/15/o/</id>
    <published>2018-05-15T12:00:00.000Z</published>
    <updated>2018-02-20T12:11:31.283Z</updated>
    
    <content type="html"><![CDATA[<h1 id="欢迎使用-Cmd-Markdown-编辑阅读器"><a href="#欢迎使用-Cmd-Markdown-编辑阅读器" class="headerlink" title="欢迎使用 Cmd Markdown 编辑阅读器"></a>欢迎使用 Cmd Markdown 编辑阅读器</h1><hr><p>我们理解您需要更便捷更高效的工具记录思想，整理笔记、知识，并将其中承载的价值传播给他人，<strong>Cmd Markdown</strong> 是我们给出的答案 —— 我们为记录思想和分享知识提供更专业的工具。 您可以使用 Cmd Markdown：</p><blockquote><ul><li>整理知识，学习笔记</li><li>发布日记，杂文，所见所想</li><li>撰写发布技术文稿（代码支持）</li><li>撰写发布学术论文（LaTeX 公式支持）</li></ul></blockquote><p><img src="https://www.zybuluo.com/static/img/logo.png" alt="cmd-markdown-logo"></p><p>除了您现在看到的这个 Cmd Markdown 在线版本，您还可以前往以下网址下载：</p><h3 id="Windows-Mac-Linux-全平台客户端"><a href="#Windows-Mac-Linux-全平台客户端" class="headerlink" title="Windows/Mac/Linux 全平台客户端"></a><a href="https://www.zybuluo.com/cmd/" target="_blank" rel="noopener">Windows/Mac/Linux 全平台客户端</a></h3><blockquote><p>请保留此份 Cmd Markdown 的欢迎稿兼使用说明，如需撰写新稿件，点击顶部工具栏右侧的 <i class="icon-file"></i> <strong>新文稿</strong> 或者使用快捷键 <code>Ctrl+Alt+N</code>。</p></blockquote>]]></content>
    
    <summary type="html">
    
      
      
        &lt;h1 id=&quot;欢迎使用-Cmd-Markdown-编辑阅读器&quot;&gt;&lt;a href=&quot;#欢迎使用-Cmd-Markdown-编辑阅读器&quot; class=&quot;headerlink&quot; title=&quot;欢迎使用 Cmd Markdown 编辑阅读器&quot;&gt;&lt;/a&gt;欢迎使用 Cmd Markdown
      
    
    </summary>
    
    
      <category term="test" scheme="http://blog.xcdh.me/tags/test/"/>
    
  </entry>
  
  <entry>
    <title>p</title>
    <link href="http://blog.xcdh.me/2018/04/16/p/"/>
    <id>http://blog.xcdh.me/2018/04/16/p/</id>
    <published>2018-04-16T13:00:00.000Z</published>
    <updated>2018-02-20T12:10:53.864Z</updated>
    
    <content type="html"><![CDATA[<h1 id="欢迎使用-Cmd-Markdown-编辑阅读器"><a href="#欢迎使用-Cmd-Markdown-编辑阅读器" class="headerlink" title="欢迎使用 Cmd Markdown 编辑阅读器"></a>欢迎使用 Cmd Markdown 编辑阅读器</h1><hr><p>我们理解您需要更便捷更高效的工具记录思想，整理笔记、知识，并将其中承载的价值传播给他人，<strong>Cmd Markdown</strong> 是我们给出的答案 —— 我们为记录思想和分享知识提供更专业的工具。 您可以使用 Cmd Markdown：</p><blockquote><ul><li>整理知识，学习笔记</li><li>发布日记，杂文，所见所想</li><li>撰写发布技术文稿（代码支持）</li><li>撰写发布学术论文（LaTeX 公式支持）</li></ul></blockquote><p><img src="https://www.zybuluo.com/static/img/logo.png" alt="cmd-markdown-logo"></p><p>除了您现在看到的这个 Cmd Markdown 在线版本，您还可以前往以下网址下载：</p><h3 id="Windows-Mac-Linux-全平台客户端"><a href="#Windows-Mac-Linux-全平台客户端" class="headerlink" title="Windows/Mac/Linux 全平台客户端"></a><a href="https://www.zybuluo.com/cmd/" target="_blank" rel="noopener">Windows/Mac/Linux 全平台客户端</a></h3><blockquote><p>请保留此份 Cmd Markdown 的欢迎稿兼使用说明，如需撰写新稿件，点击顶部工具栏右侧的 <i class="icon-file"></i> <strong>新文稿</strong> 或者使用快捷键 <code>Ctrl+Alt+N</code>。</p></blockquote>]]></content>
    
    <summary type="html">
    
      
      
        &lt;h1 id=&quot;欢迎使用-Cmd-Markdown-编辑阅读器&quot;&gt;&lt;a href=&quot;#欢迎使用-Cmd-Markdown-编辑阅读器&quot; class=&quot;headerlink&quot; title=&quot;欢迎使用 Cmd Markdown 编辑阅读器&quot;&gt;&lt;/a&gt;欢迎使用 Cmd Markdown
      
    
    </summary>
    
    
      <category term="test" scheme="http://blog.xcdh.me/tags/test/"/>
    
  </entry>
  
  <entry>
    <title>q</title>
    <link href="http://blog.xcdh.me/2018/03/17/q/"/>
    <id>http://blog.xcdh.me/2018/03/17/q/</id>
    <published>2018-03-17T14:00:00.000Z</published>
    <updated>2018-02-20T12:10:20.238Z</updated>
    
    <content type="html"><![CDATA[<h1 id="欢迎使用-Cmd-Markdown-编辑阅读器"><a href="#欢迎使用-Cmd-Markdown-编辑阅读器" class="headerlink" title="欢迎使用 Cmd Markdown 编辑阅读器"></a>欢迎使用 Cmd Markdown 编辑阅读器</h1><hr><p>我们理解您需要更便捷更高效的工具记录思想，整理笔记、知识，并将其中承载的价值传播给他人，<strong>Cmd Markdown</strong> 是我们给出的答案 —— 我们为记录思想和分享知识提供更专业的工具。 您可以使用 Cmd Markdown：</p><blockquote><ul><li>整理知识，学习笔记</li><li>发布日记，杂文，所见所想</li><li>撰写发布技术文稿（代码支持）</li><li>撰写发布学术论文（LaTeX 公式支持）</li></ul></blockquote><p><img src="https://www.zybuluo.com/static/img/logo.png" alt="cmd-markdown-logo"></p><p>除了您现在看到的这个 Cmd Markdown 在线版本，您还可以前往以下网址下载：</p><h3 id="Windows-Mac-Linux-全平台客户端"><a href="#Windows-Mac-Linux-全平台客户端" class="headerlink" title="Windows/Mac/Linux 全平台客户端"></a><a href="https://www.zybuluo.com/cmd/" target="_blank" rel="noopener">Windows/Mac/Linux 全平台客户端</a></h3><blockquote><p>请保留此份 Cmd Markdown 的欢迎稿兼使用说明，如需撰写新稿件，点击顶部工具栏右侧的 <i class="icon-file"></i> <strong>新文稿</strong> 或者使用快捷键 <code>Ctrl+Alt+N</code>。</p></blockquote>]]></content>
    
    <summary type="html">
    
      
      
        &lt;h1 id=&quot;欢迎使用-Cmd-Markdown-编辑阅读器&quot;&gt;&lt;a href=&quot;#欢迎使用-Cmd-Markdown-编辑阅读器&quot; class=&quot;headerlink&quot; title=&quot;欢迎使用 Cmd Markdown 编辑阅读器&quot;&gt;&lt;/a&gt;欢迎使用 Cmd Markdown
      
    
    </summary>
    
    
      <category term="test" scheme="http://blog.xcdh.me/tags/test/"/>
    
  </entry>
  
  <entry>
    <title>r</title>
    <link href="http://blog.xcdh.me/2018/02/18/r/"/>
    <id>http://blog.xcdh.me/2018/02/18/r/</id>
    <published>2018-02-18T15:00:00.000Z</published>
    <updated>2018-02-20T12:09:58.672Z</updated>
    
    <content type="html"><![CDATA[<h1 id="欢迎使用-Cmd-Markdown-编辑阅读器"><a href="#欢迎使用-Cmd-Markdown-编辑阅读器" class="headerlink" title="欢迎使用 Cmd Markdown 编辑阅读器"></a>欢迎使用 Cmd Markdown 编辑阅读器</h1><hr><p>我们理解您需要更便捷更高效的工具记录思想，整理笔记、知识，并将其中承载的价值传播给他人，<strong>Cmd Markdown</strong> 是我们给出的答案 —— 我们为记录思想和分享知识提供更专业的工具。 您可以使用 Cmd Markdown：</p><blockquote><ul><li>整理知识，学习笔记</li><li>发布日记，杂文，所见所想</li><li>撰写发布技术文稿（代码支持）</li><li>撰写发布学术论文（LaTeX 公式支持）</li></ul></blockquote><p><img src="https://www.zybuluo.com/static/img/logo.png" alt="cmd-markdown-logo"></p><p>除了您现在看到的这个 Cmd Markdown 在线版本，您还可以前往以下网址下载：</p><h3 id="Windows-Mac-Linux-全平台客户端"><a href="#Windows-Mac-Linux-全平台客户端" class="headerlink" title="Windows/Mac/Linux 全平台客户端"></a><a href="https://www.zybuluo.com/cmd/" target="_blank" rel="noopener">Windows/Mac/Linux 全平台客户端</a></h3><blockquote><p>请保留此份 Cmd Markdown 的欢迎稿兼使用说明，如需撰写新稿件，点击顶部工具栏右侧的 <i class="icon-file"></i> <strong>新文稿</strong> 或者使用快捷键 <code>Ctrl+Alt+N</code>。</p></blockquote>]]></content>
    
    <summary type="html">
    
      
      
        &lt;h1 id=&quot;欢迎使用-Cmd-Markdown-编辑阅读器&quot;&gt;&lt;a href=&quot;#欢迎使用-Cmd-Markdown-编辑阅读器&quot; class=&quot;headerlink&quot; title=&quot;欢迎使用 Cmd Markdown 编辑阅读器&quot;&gt;&lt;/a&gt;欢迎使用 Cmd Markdown
      
    
    </summary>
    
    
      <category term="test" scheme="http://blog.xcdh.me/tags/test/"/>
    
  </entry>
  
  <entry>
    <title>k</title>
    <link href="http://blog.xcdh.me/2018/02/09/k/"/>
    <id>http://blog.xcdh.me/2018/02/09/k/</id>
    <published>2018-02-09T08:00:00.000Z</published>
    <updated>2018-02-20T12:12:34.486Z</updated>
    
    <content type="html"><![CDATA[<h1 id="欢迎使用-Cmd-Markdown-编辑阅读器"><a href="#欢迎使用-Cmd-Markdown-编辑阅读器" class="headerlink" title="欢迎使用 Cmd Markdown 编辑阅读器"></a>欢迎使用 Cmd Markdown 编辑阅读器</h1><hr><p>我们理解您需要更便捷更高效的工具记录思想，整理笔记、知识，并将其中承载的价值传播给他人，<strong>Cmd Markdown</strong> 是我们给出的答案 —— 我们为记录思想和分享知识提供更专业的工具。 您可以使用 Cmd Markdown：</p><blockquote><ul><li>整理知识，学习笔记</li><li>发布日记，杂文，所见所想</li><li>撰写发布技术文稿（代码支持）</li><li>撰写发布学术论文（LaTeX 公式支持）</li></ul></blockquote><p><img src="https://www.zybuluo.com/static/img/logo.png" alt="cmd-markdown-logo"></p><p>除了您现在看到的这个 Cmd Markdown 在线版本，您还可以前往以下网址下载：</p><h3 id="Windows-Mac-Linux-全平台客户端"><a href="#Windows-Mac-Linux-全平台客户端" class="headerlink" title="Windows/Mac/Linux 全平台客户端"></a><a href="https://www.zybuluo.com/cmd/" target="_blank" rel="noopener">Windows/Mac/Linux 全平台客户端</a></h3><blockquote><p>请保留此份 Cmd Markdown 的欢迎稿兼使用说明，如需撰写新稿件，点击顶部工具栏右侧的 <i class="icon-file"></i> <strong>新文稿</strong> 或者使用快捷键 <code>Ctrl+Alt+N</code>。</p></blockquote>]]></content>
    
    <summary type="html">
    
      
      
        &lt;h1 id=&quot;欢迎使用-Cmd-Markdown-编辑阅读器&quot;&gt;&lt;a href=&quot;#欢迎使用-Cmd-Markdown-编辑阅读器&quot; class=&quot;headerlink&quot; title=&quot;欢迎使用 Cmd Markdown 编辑阅读器&quot;&gt;&lt;/a&gt;欢迎使用 Cmd Markdown
      
    
    </summary>
    
    
      <category term="test" scheme="http://blog.xcdh.me/tags/test/"/>
    
  </entry>
  
  <entry>
    <title>g</title>
    <link href="http://blog.xcdh.me/2018/02/07/g/"/>
    <id>http://blog.xcdh.me/2018/02/07/g/</id>
    <published>2018-02-07T04:00:00.000Z</published>
    <updated>2018-02-18T02:17:45.090Z</updated>
    
    <content type="html"><![CDATA[<h1 id="欢迎使用-Cmd-Markdown-编辑阅读器"><a href="#欢迎使用-Cmd-Markdown-编辑阅读器" class="headerlink" title="欢迎使用 Cmd Markdown 编辑阅读器"></a>欢迎使用 Cmd Markdown 编辑阅读器</h1><hr><p>我们理解您需要更便捷更高效的工具记录思想，整理笔记、知识，并将其中承载的价值传播给他人，<strong>Cmd Markdown</strong> 是我们给出的答案 —— 我们为记录思想和分享知识提供更专业的工具。 您可以使用 Cmd Markdown：</p><blockquote><ul><li>整理知识，学习笔记</li><li>发布日记，杂文，所见所想</li><li>撰写发布技术文稿（代码支持）</li><li>撰写发布学术论文（LaTeX 公式支持）</li></ul></blockquote><p><img src="https://www.zybuluo.com/static/img/logo.png" alt="cmd-markdown-logo"></p><p>除了您现在看到的这个 Cmd Markdown 在线版本，您还可以前往以下网址下载：</p><h3 id="Windows-Mac-Linux-全平台客户端"><a href="#Windows-Mac-Linux-全平台客户端" class="headerlink" title="Windows/Mac/Linux 全平台客户端"></a><a href="https://www.zybuluo.com/cmd/" target="_blank" rel="noopener">Windows/Mac/Linux 全平台客户端</a></h3><blockquote><p>请保留此份 Cmd Markdown 的欢迎稿兼使用说明，如需撰写新稿件，点击顶部工具栏右侧的 <i class="icon-file"></i> <strong>新文稿</strong> 或者使用快捷键 <code>Ctrl+Alt+N</code>。</p></blockquote>]]></content>
    
    <summary type="html">
    
      
      
        &lt;h1 id=&quot;欢迎使用-Cmd-Markdown-编辑阅读器&quot;&gt;&lt;a href=&quot;#欢迎使用-Cmd-Markdown-编辑阅读器&quot; class=&quot;headerlink&quot; title=&quot;欢迎使用 Cmd Markdown 编辑阅读器&quot;&gt;&lt;/a&gt;欢迎使用 Cmd Markdown
      
    
    </summary>
    
    
      <category term="test" scheme="http://blog.xcdh.me/tags/test/"/>
    
  </entry>
  
  <entry>
    <title>s</title>
    <link href="http://blog.xcdh.me/2018/01/19/s/"/>
    <id>http://blog.xcdh.me/2018/01/19/s/</id>
    <published>2018-01-18T16:00:00.000Z</published>
    <updated>2018-02-20T12:09:29.611Z</updated>
    
    <content type="html"><![CDATA[<h1 id="欢迎使用-Cmd-Markdown-编辑阅读器"><a href="#欢迎使用-Cmd-Markdown-编辑阅读器" class="headerlink" title="欢迎使用 Cmd Markdown 编辑阅读器"></a>欢迎使用 Cmd Markdown 编辑阅读器</h1><hr><p>我们理解您需要更便捷更高效的工具记录思想，整理笔记、知识，并将其中承载的价值传播给他人，<strong>Cmd Markdown</strong> 是我们给出的答案 —— 我们为记录思想和分享知识提供更专业的工具。 您可以使用 Cmd Markdown：</p><blockquote><ul><li>整理知识，学习笔记</li><li>发布日记，杂文，所见所想</li><li>撰写发布技术文稿（代码支持）</li><li>撰写发布学术论文（LaTeX 公式支持）</li></ul></blockquote><p><img src="https://www.zybuluo.com/static/img/logo.png" alt="cmd-markdown-logo"></p><p>除了您现在看到的这个 Cmd Markdown 在线版本，您还可以前往以下网址下载：</p><h3 id="Windows-Mac-Linux-全平台客户端"><a href="#Windows-Mac-Linux-全平台客户端" class="headerlink" title="Windows/Mac/Linux 全平台客户端"></a><a href="https://www.zybuluo.com/cmd/" target="_blank" rel="noopener">Windows/Mac/Linux 全平台客户端</a></h3><blockquote><p>请保留此份 Cmd Markdown 的欢迎稿兼使用说明，如需撰写新稿件，点击顶部工具栏右侧的 <i class="icon-file"></i> <strong>新文稿</strong> 或者使用快捷键 <code>Ctrl+Alt+N</code>。</p></blockquote>]]></content>
    
    <summary type="html">
    
      
      
        &lt;h1 id=&quot;欢迎使用-Cmd-Markdown-编辑阅读器&quot;&gt;&lt;a href=&quot;#欢迎使用-Cmd-Markdown-编辑阅读器&quot; class=&quot;headerlink&quot; title=&quot;欢迎使用 Cmd Markdown 编辑阅读器&quot;&gt;&lt;/a&gt;欢迎使用 Cmd Markdown
      
    
    </summary>
    
    
      <category term="test" scheme="http://blog.xcdh.me/tags/test/"/>
    
  </entry>
  
  <entry>
    <title>f</title>
    <link href="http://blog.xcdh.me/2017/02/06/f/"/>
    <id>http://blog.xcdh.me/2017/02/06/f/</id>
    <published>2017-02-06T03:00:00.000Z</published>
    <updated>2018-03-27T14:47:00.051Z</updated>
    
    <content type="html"><![CDATA[<h1 id="欢迎使用-Cmd-Markdown-编辑阅读器"><a href="#欢迎使用-Cmd-Markdown-编辑阅读器" class="headerlink" title="欢迎使用 Cmd Markdown 编辑阅读器"></a>欢迎使用 Cmd Markdown 编辑阅读器</h1><hr><p>我们理解您需要更便捷更高效的工具记录思想，整理笔记、知识，并将其中承载的价值传播给他人，<strong>Cmd Markdown</strong> 是我们给出的答案 —— 我们为记录思想和分享知识提供更专业的工具。 您可以使用 Cmd Markdown：</p><blockquote><ul><li>整理知识，学习笔记</li><li>发布日记，杂文，所见所想</li><li>撰写发布技术文稿（代码支持）</li><li>撰写发布学术论文（LaTeX 公式支持）</li></ul></blockquote><p><img src="https://www.zybuluo.com/static/img/logo.png" alt="cmd-markdown-logo"></p><p>除了您现在看到的这个 Cmd Markdown 在线版本，您还可以前往以下网址下载：</p><h3 id="Windows-Mac-Linux-全平台客户端"><a href="#Windows-Mac-Linux-全平台客户端" class="headerlink" title="Windows/Mac/Linux 全平台客户端"></a><a href="https://www.zybuluo.com/cmd/" target="_blank" rel="noopener">Windows/Mac/Linux 全平台客户端</a></h3><blockquote><p>请保留此份 Cmd Markdown 的欢迎稿兼使用说明，如需撰写新稿件，点击顶部工具栏右侧的 <i class="icon-file"></i> <strong>新文稿</strong> 或者使用快捷键 <code>Ctrl+Alt+N</code>。</p></blockquote>]]></content>
    
    <summary type="html">
    
      
      
        &lt;h1 id=&quot;欢迎使用-Cmd-Markdown-编辑阅读器&quot;&gt;&lt;a href=&quot;#欢迎使用-Cmd-Markdown-编辑阅读器&quot; class=&quot;headerlink&quot; title=&quot;欢迎使用 Cmd Markdown 编辑阅读器&quot;&gt;&lt;/a&gt;欢迎使用 Cmd Markdown
      
    
    </summary>
    
    
      <category term="test" scheme="http://blog.xcdh.me/tags/test/"/>
    
  </entry>
  
  <entry>
    <title>e</title>
    <link href="http://blog.xcdh.me/2016/02/05/e/"/>
    <id>http://blog.xcdh.me/2016/02/05/e/</id>
    <published>2016-02-05T02:00:00.000Z</published>
    <updated>2018-03-27T14:47:02.850Z</updated>
    
    <content type="html"><![CDATA[<h1 id="欢迎使用-Cmd-Markdown-编辑阅读器"><a href="#欢迎使用-Cmd-Markdown-编辑阅读器" class="headerlink" title="欢迎使用 Cmd Markdown 编辑阅读器"></a>欢迎使用 Cmd Markdown 编辑阅读器</h1><hr><p>我们理解您需要更便捷更高效的工具记录思想，整理笔记、知识，并将其中承载的价值传播给他人，<strong>Cmd Markdown</strong> 是我们给出的答案 —— 我们为记录思想和分享知识提供更专业的工具。 您可以使用 Cmd Markdown：</p><blockquote><ul><li>整理知识，学习笔记</li><li>发布日记，杂文，所见所想</li><li>撰写发布技术文稿（代码支持）</li><li>撰写发布学术论文（LaTeX 公式支持）</li></ul></blockquote><p><img src="https://www.zybuluo.com/static/img/logo.png" alt="cmd-markdown-logo"></p><p>除了您现在看到的这个 Cmd Markdown 在线版本，您还可以前往以下网址下载：</p><h3 id="Windows-Mac-Linux-全平台客户端"><a href="#Windows-Mac-Linux-全平台客户端" class="headerlink" title="Windows/Mac/Linux 全平台客户端"></a><a href="https://www.zybuluo.com/cmd/" target="_blank" rel="noopener">Windows/Mac/Linux 全平台客户端</a></h3><blockquote><p>请保留此份 Cmd Markdown 的欢迎稿兼使用说明，如需撰写新稿件，点击顶部工具栏右侧的 <i class="icon-file"></i> <strong>新文稿</strong> 或者使用快捷键 <code>Ctrl+Alt+N</code>。</p></blockquote>]]></content>
    
    <summary type="html">
    
      
      
        &lt;h1 id=&quot;欢迎使用-Cmd-Markdown-编辑阅读器&quot;&gt;&lt;a href=&quot;#欢迎使用-Cmd-Markdown-编辑阅读器&quot; class=&quot;headerlink&quot; title=&quot;欢迎使用 Cmd Markdown 编辑阅读器&quot;&gt;&lt;/a&gt;欢迎使用 Cmd Markdown
      
    
    </summary>
    
    
      <category term="test" scheme="http://blog.xcdh.me/tags/test/"/>
    
  </entry>
  
  <entry>
    <title>d</title>
    <link href="http://blog.xcdh.me/2015/10/01/d.1/"/>
    <id>http://blog.xcdh.me/2015/10/01/d.1/</id>
    <published>2015-10-01T01:00:00.000Z</published>
    <updated>2018-03-28T13:16:08.308Z</updated>
    
    <content type="html"><![CDATA[<h1 id="欢迎使用-Cmd-Markdown-编辑阅读器"><a href="#欢迎使用-Cmd-Markdown-编辑阅读器" class="headerlink" title="欢迎使用 Cmd Markdown 编辑阅读器"></a>欢迎使用 Cmd Markdown 编辑阅读器</h1><hr><p>我们理解您需要更便捷更高效的工具记录思想，整理笔记、知识，并将其中承载的价值传播给他人，<strong>Cmd Markdown</strong> 是我们给出的答案 —— 我们为记录思想和分享知识提供更专业的工具。 您可以使用 Cmd Markdown：</p><blockquote><ul><li>整理知识，学习笔记</li><li>发布日记，杂文，所见所想</li><li>撰写发布技术文稿（代码支持）</li><li>撰写发布学术论文（LaTeX 公式支持）</li></ul></blockquote><p><img src="https://www.zybuluo.com/static/img/logo.png" alt="cmd-markdown-logo"></p><p>除了您现在看到的这个 Cmd Markdown 在线版本，您还可以前往以下网址下载：</p><h3 id="Windows-Mac-Linux-全平台客户端"><a href="#Windows-Mac-Linux-全平台客户端" class="headerlink" title="Windows/Mac/Linux 全平台客户端"></a><a href="https://www.zybuluo.com/cmd/" target="_blank" rel="noopener">Windows/Mac/Linux 全平台客户端</a></h3><blockquote><p>请保留此份 Cmd Markdown 的欢迎稿兼使用说明，如需撰写新稿件，点击顶部工具栏右侧的 <i class="icon-file"></i> <strong>新文稿</strong> 或者使用快捷键 <code>Ctrl+Alt+N</code>。</p></blockquote>]]></content>
    
    <summary type="html">
    
      
      
        &lt;h1 id=&quot;欢迎使用-Cmd-Markdown-编辑阅读器&quot;&gt;&lt;a href=&quot;#欢迎使用-Cmd-Markdown-编辑阅读器&quot; class=&quot;headerlink&quot; title=&quot;欢迎使用 Cmd Markdown 编辑阅读器&quot;&gt;&lt;/a&gt;欢迎使用 Cmd Markdown
      
    
    </summary>
    
    
      <category term="test" scheme="http://blog.xcdh.me/tags/test/"/>
    
  </entry>
  
  <entry>
    <title>d</title>
    <link href="http://blog.xcdh.me/2015/02/04/d/"/>
    <id>http://blog.xcdh.me/2015/02/04/d/</id>
    <published>2015-02-04T01:00:00.000Z</published>
    <updated>2018-03-27T14:47:05.148Z</updated>
    
    <content type="html"><![CDATA[<h1 id="欢迎使用-Cmd-Markdown-编辑阅读器"><a href="#欢迎使用-Cmd-Markdown-编辑阅读器" class="headerlink" title="欢迎使用 Cmd Markdown 编辑阅读器"></a>欢迎使用 Cmd Markdown 编辑阅读器</h1><hr><p>我们理解您需要更便捷更高效的工具记录思想，整理笔记、知识，并将其中承载的价值传播给他人，<strong>Cmd Markdown</strong> 是我们给出的答案 —— 我们为记录思想和分享知识提供更专业的工具。 您可以使用 Cmd Markdown：</p><blockquote><ul><li>整理知识，学习笔记</li><li>发布日记，杂文，所见所想</li><li>撰写发布技术文稿（代码支持）</li><li>撰写发布学术论文（LaTeX 公式支持）</li></ul></blockquote><p><img src="https://www.zybuluo.com/static/img/logo.png" alt="cmd-markdown-logo"></p><p>除了您现在看到的这个 Cmd Markdown 在线版本，您还可以前往以下网址下载：</p><h3 id="Windows-Mac-Linux-全平台客户端"><a href="#Windows-Mac-Linux-全平台客户端" class="headerlink" title="Windows/Mac/Linux 全平台客户端"></a><a href="https://www.zybuluo.com/cmd/" target="_blank" rel="noopener">Windows/Mac/Linux 全平台客户端</a></h3><blockquote><p>请保留此份 Cmd Markdown 的欢迎稿兼使用说明，如需撰写新稿件，点击顶部工具栏右侧的 <i class="icon-file"></i> <strong>新文稿</strong> 或者使用快捷键 <code>Ctrl+Alt+N</code>。</p></blockquote>]]></content>
    
    <summary type="html">
    
      
      
        &lt;h1 id=&quot;欢迎使用-Cmd-Markdown-编辑阅读器&quot;&gt;&lt;a href=&quot;#欢迎使用-Cmd-Markdown-编辑阅读器&quot; class=&quot;headerlink&quot; title=&quot;欢迎使用 Cmd Markdown 编辑阅读器&quot;&gt;&lt;/a&gt;欢迎使用 Cmd Markdown
      
    
    </summary>
    
    
      <category term="test" scheme="http://blog.xcdh.me/tags/test/"/>
    
  </entry>
  
</feed>
